"Sun";"Apr";"07";"14:47:42";"CEST";"2019";"M_TCG_FR";"0";"false";"Datamining";":";"boosters";"√†";"gagner";"√†";"la";"sortie";"de";"l'extension";"#RiseOfShadows";"#Hearthstone";"et";"r√©compenses";"du";"futur";"event";"de";"P√¢ques";"üëáüëÄhttps://t.co/jrxiYkhAPY"
"Sun";"Apr";"07";"12:58:06";"CEST";"2019";"iXeRay";"0";"false";"@remsch96";"@YaPapa7";"@florianbad";"@JVCom";"Apr√®s";"j'avais";"pas";"entendu";"parler";"de";"cette";"histoire";"de";"datamining,";"si";"faut";"c'est";"faux.";"Ca";"semble";"tr√®s";"long";"plus";"d'1";"an";"pour";"int√©grer";"cet";"√©l√©ment,";"surtout";"quand";"on";"regarde";"√†";"quelle";"vitesse";"ajouts";"ont";"√©t√©";"faits";"dans";"Fortnite."
"Sat";"Apr";"06";"17:34:37";"CEST";"2019";"AyXeed_O";"0";"false";"@Mugir12";"Ben";"avec";"datamining";"de";"y'a";"quelques";"mois";"et";"indices";"c'est";"plus";"√©vident";"a";"deviner";"jpense"
"Sat";"Apr";"06";"08:13:03";"CEST";"2019";"dqserv";"0";"true";"RT";"@Mc_Snz:";"Mobile";"Sec:";"https://t.co/uWb3sm4QhP";"";"#Industry40";"#InternetOfThings";"#ArtificialIntelligence";"#MachineLearning";"#DeepLearning";"#Anal‚Ä¶"
"Sat";"Apr";"06";"08:12:04";"CEST";"2019";"Mc_Snz";"1";"false";"Mobile";"Sec:";"https://t.co/uWb3sm4QhP";"";"#Industry40";"#InternetOfThings";"#ArtificialIntelligence";"#MachineLearning";"#DeepLearning";"#Analytics";"#BigData";"#DataScience";"#DataMining";"#Cloud";"#Blockchain";"#Techno";"#EDM";"#Music";"#Mobile";"#Security";"#CyberSec"
"Sat";"Apr";"06";"04:40:45";"CEST";"2019";"YsabelParra";"0";"true";"RT";"@Mc_Snz:";"Mobile";"Sec:";"https://t.co/uWb3sm4QhP";"";"#Industry40";"#InternetOfThings";"#ArtificialIntelligence";"#MachineLearning";"#DeepLearning";"#Anal‚Ä¶"
"Fri";"Apr";"05";"18:49:16";"CEST";"2019";"jlamat";"1";"false";"Data";"et";"journalisme¬†:";"mariage,";"et";"vite¬†!";"En";"effet,";"l'utilisation";"op√©rationnelle";"de";"donn√©es";"demande";"toujours";"une";"interpr√©tation";"humaine,";"et";"mariage";"permettra";"de";"faire";"progresser";"grandement";"journalisme.";"https://t.co/xKr8rg97tT";"#Lesinvit√©sduPoint";"#datamining"
"Fri";"Apr";"05";"05:42:57";"CEST";"2019";"Mc_Snz";"2";"false";"Mobile";"Sec:";"https://t.co/uWb3sm4QhP";"";"#Industry40";"#InternetOfThings";"#ArtificialIntelligence";"#MachineLearning";"#DeepLearning";"#Analytics";"#BigData";"#DataScience";"#DataMining";"#Cloud";"#Blockchain";"#Techno";"#EDM";"#Music";"#Mobile";"#Security";"#CyberSec"
"Thu";"Apr";"04";"13:29:55";"CEST";"2019";"FredericMathie";"0";"false";"@ker_sato";"@FitzAdri";"C‚Äô√©tait";"dans";"datamining"
"Thu";"Apr";"04";"00:04:46";"CEST";"2019";"iLeaqsTV";"2";"false";"*√ßa";"a";"surement";"du";"√™tre";"trouver";"40000";"de";"fois";"ou";"a";"pas";"la";"m√™me";"signification";"que";"ne";"pense";"mais";"bon";"test";"datamining";"alors";"x)*Dans";"fichier";"fortnite";"si";"on";"cherche";"Honor";"on";"trouve";"GiftBoxes...";"Tu";"pense";"peut";"faire";"allusion";"a";"quoi";"@Yanteh_";"";"?";"https://t.co/0sXfbt4Vgu"
"Wed";"Apr";"03";"22:06:28";"CEST";"2019";"torqat";"0";"true";"RT";"@Mc_Snz:";"Mobile";"Sec:";"https://t.co/uWb3sm4QhP";"";"#Industry40";"#InternetOfThings";"#ArtificialIntelligence";"#MachineLearning";"#DeepLearning";"#Anal‚Ä¶"
"Wed";"Apr";"03";"11:42:26";"CEST";"2019";"patriciacoll";"0";"true";"RT";"@Mc_Snz:";"Mobile";"Sec:";"https://t.co/uWb3sm4QhP";"";"#Industry40";"#InternetOfThings";"#ArtificialIntelligence";"#MachineLearning";"#DeepLearning";"#Anal‚Ä¶"
"Wed";"Apr";"03";"08:52:25";"CEST";"2019";"Mc_Snz";"1";"false";"Mobile";"Sec:";"https://t.co/uWb3sm4QhP";"";"#Industry40";"#InternetOfThings";"#ArtificialIntelligence";"#MachineLearning";"#DeepLearning";"#Analytics";"#BigData";"#DataScience";"#DataMining";"#Cloud";"#Blockchain";"#Techno";"#EDM";"#Music";"#Mobile";"#Security";"#CyberSec"
"Tue";"Apr";"02";"19:04:40";"CEST";"2019";"Dellios_Cloud";"0";"false";"@Bronoli";"Alors";"oui";"mais";"si";"pr√©pare";"terrain";"pour";"Joker";"et";"que";"peut";"r√©v√©ler";"des";"informations";"gr√¢ce";"√†";"datamining";"pouss√©,";"dis";"pas";"non";"üòÅ"
"Mon";"Apr";"01";"11:25:04";"CEST";"2019";"YvesLavalette";"0";"true";"RT";"@AudreyDesvergne:";"Voici";"retour";"d'exp√©rience";"de";"Nafa";"IMMOUNE";"et";"de";"l'√©quipe";"@keralia_IT";"Tech";"sur";"plugin";"#AgentIntelligence";"de";"#Serv‚Ä¶"
"Mon";"Apr";"01";"11:17:10";"CEST";"2019";"chidambara09";"0";"true";"RT";"@AudreyDesvergne:";"Voici";"retour";"d'exp√©rience";"de";"Nafa";"IMMOUNE";"et";"de";"l'√©quipe";"@keralia_IT";"Tech";"sur";"plugin";"#AgentIntelligence";"de";"#Serv‚Ä¶"
"Mon";"Apr";"01";"11:11:46";"CEST";"2019";"AudreyDesvergne";"2";"false";"Voici";"retour";"d'exp√©rience";"de";"Nafa";"IMMOUNE";"et";"de";"l'√©quipe";"@keralia_IT";"Tech";"sur";"plugin";"#AgentIntelligence";"de";"#ServiceNow.#BigData";"#ArtificialIntelligence";"#MachningLearning";"#DataMiningüëâ¬†https://t.co/Z2k3dFWm8t";"‚Ä¶";"https://t.co/BcHSGGkcnn"
"Sun";"Mar";"31";"23:58:54";"CEST";"2019";"ZiedTa";"1";"false";"@datcitronvert";"300%";"Avec";"nouvel";"event";"surement.";"(je";"sais";"pas";"si";"t'a";"vu";"mon";"petit";"post";"sur";"site";"italien";"de";"datamining,";"champion";"du";"monde";"√†";"l";"air";"d";"truc";"comme";"ca)"
"Sun";"Mar";"31";"15:41:58";"CEST";"2019";"sanji30000";"0";"true";"RT";"@N_Difference:";"Une";"liste";"de";"20";"jeux";"SNES";"d√©couverte";"via";"datamining";"de";"NES";"-";"Nintendo";"Switch";"Online";"https://t.co/wSMYgCFHDT";"#NintendoS‚Ä¶"
"Sun";"Mar";"31";"12:17:58";"CEST";"2019";"smor07";"0";"true";"RT";"@EnMarche78Ouest:";"Un";"couple";"sans";"revenus";"d√©clar√©s";"mais";"roulant";"Ferrari";"mis";"examen";"pour";"fraude.";"";"Les";"fraudeurs";"n";"ont";"pas";"de";"limite‚Ä¶"
"Sun";"Mar";"31";"11:53:42";"CEST";"2019";"LaraMiskhor";"0";"false";"@EnMarche78Ouest";"En";"venir";"√†";"distinguer";"avec";"soin";"la";"fraude";"v√©nielle";"de";"survie,";"de";"syst√®me";"organis√©s";"de";"type";"mafieux";"comme";"dans";"l'exemple";"ci-dessous..";"mais";"comment";"faire";"sans";"dommages";"collat√©raux";"?Le";"datamining";"sait";"faire";"l√†";"?"
"Sun";"Mar";"31";"10:59:24";"CEST";"2019";"tricornot";"0";"true";"RT";"@XerfiCanal:";"Quand";"algorithmes";"analysent";"nos";"sentiments";"et";"nos";"√©motions";"au";"travail.";"Une";"chronique";"d'Eric-Jean";"Garcia";"@sciencespo";"#IA‚Ä¶"
"Sun";"Mar";"31";"10:25:38";"CEST";"2019";"EnMarche78Ouest";"11";"false";"Un";"couple";"sans";"revenus";"d√©clar√©s";"mais";"roulant";"Ferrari";"mis";"examen";"pour";"fraude.";"";"Les";"fraudeurs";"n";"ont";"pas";"de";"limite";"pour";"d√©tourner";"aides";"sociales";".";"Il";"est";"primordial";"de";"d√©tecter";"au";"plus";"t√¥t";"type";"de";"fraude.";"Datamining";"";"https://t.co/uEQK0lufOv"
"Sun";"Mar";"31";"00:04:49";"CET";"2019";"mamancuret";"0";"true";"RT";"@BigDataFr_:";"L'UPEC";"recrute";"Ma√Ætre";"de";"Conf√©rences";"H/F";"Big";"Data";"for";"Applied";"Economics";"!‚Ä¢Deadline";":";"mardi";"26";"mars‚Ä¢Info";"https://t.co/o‚Ä¶"
"Sat";"Mar";"30";"22:02:29";"CET";"2019";"Midoji_";"0";"false";"Aussi,";"datamining";"de";"la";"Switch";"a";"permis";"de";"savoir";"qu'on";"aura";"bient√¥t";"des";"jeux";"SNES";"avec";"Online.";"Sauf";"qu'aucun";"des";"DKC";"n'en";"fait";"parti.Peut-√™tre";"qu'on";"aura";"plut√¥t";"dans";"la";"possible";"version";"switch";"de";"Rare";"Replay";"avec";"DK64";"?";"(√†";"la";"place";"des";"exclus";"Xbox";"peut-√™tre";"?)"
"Sat";"Mar";"30";"12:42:19";"CET";"2019";"maximilienia";"0";"false";"RT";"@XerfiCanal:";"Quand";"algorithmes";"analysent";"nos";"sentiments";"et";"nos";"√©motions";"au";"travail.";"Une";"chronique";"d'Eric-Jean";"Garcia";"@sciencespo";"#IA";"#RH";"#datamining";"‚û°";"https://t.co/GGRC3bjkZU";"https://t.co/LKC0n1I4a0"
"Sat";"Mar";"30";"12:06:19";"CET";"2019";"Naega01";"0";"false";"@cWilly4";"Le";"fameux";"millefeuilles";"au";"nombreux";"co√ªts";"redondants";"mais";"pour";"quelle";"qualit√©";"de";"service";"au";"final";"?Qui";"avait";"dit";"d√©centralisation";"d√©j√†";"?";"Cela";"passe";"aussi";"par";"l‚Äôautomatisation";"des";"processus";"et";"num√©risation,";"des";"bases";"correctement";"structur√©es";"et";"du";"datamining..."
"Sat";"Mar";"30";"12:00:06";"CET";"2019";"XerfiCanal";"1";"false";"Quand";"algorithmes";"analysent";"nos";"sentiments";"et";"nos";"√©motions";"au";"travail.";"Une";"chronique";"d'Eric-Jean";"Garcia";"@sciencespo";"#IA";"#RH";"#datamining";"‚û°";"https://t.co/DgSfGtIWXJ";"https://t.co/0D6nzyTGw1"
"Fri";"Mar";"29";"15:12:42";"CET";"2019";"dbarbarossa";"0";"false";"L‚Äôintelligence";"artificielle";"au";"service";"des";"professions";"du";"chiffre";"#datacomptable";"#datascientist";"#datamining";"https://t.co/TZWiEidl5B"
"Fri";"Mar";"29";"14:23:02";"CET";"2019";"Master_FEC";"0";"true";"RT";"@fondateurCO:";"Mieux";"cibl√©,";"plus";"approfondi,";"davantage";"concentr√©";"sur";"donn√©es";"et";"sans";"doute";"prochainement";"syst√©matis√©";":";"contr√¥le";"fi‚Ä¶"
"Thu";"Mar";"28";"22:33:58";"CET";"2019";"cececeline88";"0";"true";"RT";"@fondateurCO:";"Mieux";"cibl√©,";"plus";"approfondi,";"davantage";"concentr√©";"sur";"donn√©es";"et";"sans";"doute";"prochainement";"syst√©matis√©";":";"contr√¥le";"fi‚Ä¶"
"Thu";"Mar";"28";"19:32:46";"CET";"2019";"Apar_SAS";"0";"true";"RT";"@fondateurCO:";"Mieux";"cibl√©,";"plus";"approfondi,";"davantage";"concentr√©";"sur";"donn√©es";"et";"sans";"doute";"prochainement";"syst√©matis√©";":";"contr√¥le";"fi‚Ä¶"
